Date,Altitude
02/20/17 09:04:00,30
02/20/17 12:57:00,10
02/20/17 12:58:00,10
02/20/17 13:08:00,20
02/20/17 13:09:00,20
02/20/17 17:30:00,10
02/20/17 17:32:00,10
02/20/17 18:14:00,10
02/20/17 19:57:00,10
02/20/17 20:00:00,10
02/21/17 08:38:00,10
02/21/17 08:51:00,20
02/21/17 09:29:00,20
02/21/17 09:30:00,10
02/21/17 13:23:00,10
02/21/17 13:24:00,20
02/21/17 13:25:00,10
02/21/17 14:12:00,10
02/21/17 14:17:00,30
02/21/17 17:21:00,10
02/22/17 09:32:00,20
02/22/17 11:42:00,10
02/22/17 11:43:00,40
02/22/17 13:03:00,10
02/22/17 13:04:00,20
02/22/17 14:36:00,20
02/22/17 14:37:00,10
02/22/17 18:59:00,10
02/22/17 19:01:00,10
02/22/17 19:04:00,10
02/22/17 19:08:00,10
02/23/17 08:30:00,10
02/23/17 08:31:00,20
02/23/17 14:07:00,30
02/23/17 18:32:00,10
02/23/17 18:33:00,10
02/23/17 19:39:00,10
02/23/17 19:42:00,10
02/23/17 19:45:00,10
02/23/17 20:04:00,10
02/24/17 08:43:00,10
02/24/17 08:44:00,20
02/24/17 18:53:00,10
02/24/17 18:54:00,10
02/24/17 18:57:00,10
02/27/17 09:19:00,30
02/27/17 12:02:00,10
02/27/17 12:03:00,20
02/27/17 15:29:00,30
02/27/17 17:22:00,10
02/27/17 18:54:00,10
02/27/17 18:59:00,10
02/28/17 09:20:00,30
03/02/2017 08:29,20
03/02/2017 08:30,10
03/02/2017 08:52,20
03/02/2017 08:53,10
03/02/2017 11:03,10
03/02/2017 11:05,10
03/02/2017 11:22,10
03/02/2017 11:23,10
03/02/2017 11:26,10
03/02/2017 11:27,10
03/02/2017 11:43,10
03/02/2017 13:09,30
03/02/2017 13:56,10
03/02/2017 15:02,10
03/02/2017 15:03,20
03/02/2017 17:35,10
03/02/2017 23:40,20
03/02/2017 23:41,10
03/03/2017 09:25,20
03/03/2017 09:26,10
03/03/2017 18:28,20
03/03/2017 18:57,10
03/03/2017 18:58,10
03/06/2017 09:02,20
03/06/2017 09:03,10
03/07/2017 08:59,10
03/07/2017 09:00,20
03/07/2017 12:50,40
03/07/2017 12:51,30
03/07/2017 13:59,10
03/07/2017 14:00,20
03/10/2017 09:02,20
03/10/2017 09:03,10
03/10/2017 18:40,20
03/10/2017 19:27,10
03/10/2017 22:03,10
03/10/2017 22:04,10
03/13/17 11:21:00,10
03/13/17 11:37:00,30
03/14/17 09:18:00,10
03/14/17 09:19:00,20
03/14/17 14:22:00,30
03/14/17 18:46:00,10
03/14/17 19:27:00,10
03/14/17 19:34:00,10
03/14/17 19:40:00,10
03/15/17 09:19:00,10
03/15/17 09:20:00,20
03/15/17 14:30:00,10
03/15/17 14:31:00,10
03/15/17 18:58:00,10
03/15/17 19:03:00,10
03/16/17 09:26:00,30
03/16/17 14:03:00,20
03/16/17 18:02:00,10
03/17/17 09:13:00,10
03/17/17 09:15:00,10
03/17/17 14:39:00,10
03/17/17 14:54:00,10
03/17/17 14:55:00,20
03/17/17 15:33:00,10
03/17/17 18:45:00,10
03/17/17 18:56:00,10
03/18/17 14:49:00,20
03/18/17 18:56:00,10
03/19/17 11:45:00,10
03/19/17 11:46:00,10
03/19/17 11:47:00,10
03/19/17 11:56:00,10
03/19/17 12:13:00,10
03/19/17 14:06:00,10
03/19/17 17:02:00,10
03/20/17 08:51:00,20
03/20/17 08:52:00,10
03/20/17 13:10:00,10
03/20/17 14:17:00,30
03/20/17 18:35:00,10
03/21/17 09:07:00,10
03/21/17 09:08:00,20
03/21/17 15:28:00,10
03/22/17 09:00:00,30
03/22/17 14:05:00,30
03/23/17 08:30:00,10
03/23/17 08:31:00,20
03/23/17 11:15:00,10
03/23/17 11:35:00,20
03/23/17 11:36:00,10
03/23/17 16:58:00,10
03/23/17 19:09:00,10
03/23/17 19:13:00,10
03/23/17 19:15:00,10
03/24/17 08:02:00,20
03/24/17 08:03:00,10
03/24/17 18:49:00,10
03/24/17 18:50:00,10
03/26/17 00:20:00,10
03/26/17 00:28:00,10
03/26/17 00:53:00,10
03/26/17 02:08:00,10
03/26/17 02:15:00,10
03/26/17 03:07:00,10
03/26/17 03:24:00,10
03/26/17 03:28:00,10
03/26/17 03:29:00,10
03/27/17 10:23:00,10
03/27/17 10:59:00,20
03/27/17 11:00:00,10
03/27/17 15:19:00,20
03/27/17 15:20:00,20
03/27/17 15:21:00,10
03/28/17 07:37:00,10
03/28/17 07:38:00,20
03/28/17 14:13:00,30
03/29/17 08:24:00,20
03/29/17 08:25:00,10
03/29/17 11:42:00,20
03/29/17 11:43:00,20
03/30/17 14:19:00,10
03/30/17 14:20:00,20
03/31/17 09:40:00,10
03/31/17 09:41:00,10
03/31/17 11:37:00,10
03/31/17 12:04:00,10
03/31/17 12:05:00,20
03/31/17 22:49:00,10
03/31/17 22:54:00,10
04/01/2017 02:18,10
04/01/2017 12:52,10
04/01/2017 13:06,10
04/01/2017 13:07,10
04/01/2017 14:27,10
04/03/2017 08:37,10
04/03/2017 08:43,20
04/03/2017 08:44,10
04/03/2017 12:50,10
04/03/2017 12:51,10
04/03/2017 12:52,20
04/03/2017 12:53,10
04/03/2017 12:54,10
04/03/2017 12:55,10
04/03/2017 13:33,10
04/03/2017 13:34,10
04/03/2017 13:35,30
04/03/2017 13:36,20
04/03/2017 21:06,20
04/03/2017 21:22,10
04/03/2017 21:33,10
04/04/2017 09:11,10
04/04/2017 09:55,20
04/04/2017 09:56,10
04/04/2017 13:06,10
04/04/2017 13:07,20
04/05/2017 07:44,10
04/05/2017 17:34,10
04/05/2017 20:33,10
04/08/2017 08:25,10
04/08/2017 10:56,10
04/10/2017 08:55,20
04/10/2017 08:56,10
04/10/2017 13:10,20
04/11/2017 08:10,10
04/11/2017 10:58,10
04/11/2017 11:46,10
04/11/2017 11:47,20
04/11/2017 11:48,20
04/11/2017 11:53,10
04/11/2017 13:06,10
04/12/2017 08:24,30
04/12/2017 13:02,10
04/12/2017 14:08,10
04/12/2017 14:09,20
04/12/2017 19:01,20
04/12/2017 19:07,10
04/13/17 08:16:00,20
04/13/17 08:17:00,10
04/13/17 11:06:00,10
04/13/17 11:07:00,30
04/13/17 13:50:00,30
04/13/17 17:18:00,10
04/15/17 07:25:00,10
04/15/17 07:36:00,10
04/15/17 08:00:00,20
04/15/17 14:14:00,10
04/15/17 14:24:00,10
04/15/17 14:26:00,10
04/17/17 18:10:00,20
04/17/17 20:59:00,10
04/17/17 21:23:00,10
04/18/17 08:00:00,10
04/18/17 08:29:00,20
04/18/17 08:30:00,10
04/18/17 14:17:00,20
04/18/17 17:59:00,10
04/19/17 08:46:00,10
04/19/17 08:47:00,20
04/20/17 09:34:00,20
04/20/17 09:35:00,10
04/20/17 13:57:00,20
04/20/17 13:58:00,10
04/21/17 08:52:00,10
04/21/17 09:22:00,20
04/21/17 18:44:00,10
04/21/17 18:45:00,10
04/22/17 22:47:00,10
04/24/17 07:23:00,10
04/25/17 08:25:00,30
04/25/17 12:50:00,30
04/25/17 13:48:00,10
04/25/17 17:34:00,10
04/27/17 13:27:00,10
04/27/17 13:56:00,10
04/27/17 19:53:00,10
04/28/17 07:19:00,10
04/28/17 08:07:00,10
04/28/17 08:08:00,30
04/28/17 09:59:00,10
04/28/17 19:05:00,10
04/28/17 19:07:00,10
04/29/17 19:48:00,10
05/02/2017 08:15,10
05/02/2017 08:16,10
05/03/2017 08:49,10
05/03/2017 08:50,20
05/04/2017 08:23,20
05/04/2017 08:24,10
05/04/2017 14:04,20
05/04/2017 14:05,10
05/04/2017 19:07,10
05/05/2017 18:47,10
05/05/2017 18:48,10
05/05/2017 18:54,20
05/08/2017 08:45,10
05/08/2017 16:16,20
05/08/2017 16:17,10
05/09/2017 08:28,10
05/09/2017 09:12,30
05/09/2017 13:13,30
05/09/2017 17:09,10
05/10/2017 16:40,20
05/10/2017 16:41,10
05/11/2017 08:40,10
05/12/2017 09:11,30
05/12/2017 11:31,10
05/12/2017 11:32,20
05/15/17 08:20:00,10
05/15/17 09:00:00,10
05/15/17 09:01:00,20
05/16/17 15:20:00,10
05/16/17 16:18:00,10
05/17/17 07:57:00,10
05/17/17 19:38:00,10
05/18/17 16:21:00,10
05/18/17 16:22:00,20
05/18/17 19:36:00,10
05/18/17 19:38:00,10
05/18/17 19:39:00,30
05/18/17 19:40:00,10
05/18/17 19:41:00,20
05/18/17 19:43:00,10
05/18/17 19:50:00,10
05/18/17 19:51:00,20
05/19/17 13:54:00,10
05/19/17 22:22:00,10
05/23/17 13:22:00,30
05/23/17 13:23:00,10
05/23/17 17:52:00,20
05/23/17 20:57:00,10
05/24/17 13:31:00,10
05/24/17 13:32:00,10
05/24/17 13:33:00,20
05/25/17 07:40:00,10
05/26/17 08:31:00,10
05/26/17 08:32:00,10
05/26/17 08:33:00,10
05/26/17 08:34:00,10
05/26/17 08:35:00,10
05/26/17 11:32:00,10
05/26/17 14:26:00,10
05/26/17 14:27:00,20
05/26/17 21:27:00,10
05/26/17 21:29:00,10
05/26/17 21:30:00,30
05/26/17 21:31:00,10
05/26/17 21:32:00,10
05/26/17 21:35:00,20
05/26/17 21:36:00,20
05/26/17 21:38:00,10
05/27/17 00:27:00,10
05/27/17 17:00:00,10
05/27/17 18:27:00,10
05/27/17 19:35:00,10
05/27/17 19:40:00,10
05/29/17 07:35:00,10
05/29/17 07:41:00,10
05/30/17 12:53:00,10
05/30/17 12:57:00,10
05/31/17 13:33:00,10
05/31/17 13:34:00,20
05/31/17 15:32:00,10
05/31/17 15:33:00,20
05/31/17 20:50:00,10
06/01/2017 10:37,10
06/01/2017 16:36,10
06/01/2017 20:37,10
06/02/2017 18:05,20
06/02/2017 18:20,10
06/02/2017 18:26,10
06/02/2017 18:35,10
06/02/2017 18:36,10
06/02/2017 18:54,10
06/02/2017 18:55,20
06/02/2017 22:10,10
06/05/2017 08:48,20
06/05/2017 08:49,10
06/05/2017 08:50,20
06/05/2017 08:51,20
06/05/2017 08:52,10
06/05/2017 16:29,10
06/06/2017 12:47,10
06/06/2017 18:17,10
06/07/2017 09:43,10
06/07/2017 10:48,30
06/07/2017 11:20,10
06/07/2017 11:21,20
06/07/2017 17:21,10
06/07/2017 17:22,10
06/08/2017 08:15,10
06/08/2017 09:49,20
06/08/2017 18:09,10
06/08/2017 18:57,10
06/09/2017 00:56,10
06/09/2017 11:56,20
06/09/2017 11:57,10
06/09/2017 11:58,40
06/09/2017 12:13,20
06/09/2017 12:14,20
06/09/2017 14:20,10
06/10/2017 10:46,10
06/10/2017 11:25,10
06/10/2017 11:26,10
06/12/2017 07:25,10
06/12/2017 07:29,10
06/12/2017 08:00,30
06/12/2017 17:31,10
06/12/2017 17:32,10
06/13/17 09:52:00,10
06/13/17 11:02:00,10
06/13/17 11:03:00,10
06/13/17 13:12:00,10
06/14/17 08:03:00,10
06/14/17 12:56:00,10
06/14/17 17:39:00,10
06/15/17 11:07:00,10
06/15/17 13:59:00,30
06/15/17 17:45:00,10
06/15/17 18:10:00,10
06/16/17 08:09:00,10
06/16/17 08:11:00,10
06/16/17 08:12:00,10
06/16/17 08:13:00,30
06/16/17 13:43:00,10
06/16/17 17:20:00,10
06/17/17 09:35:00,20
06/17/17 11:14:00,10
06/17/17 11:59:00,10
06/17/17 12:00:00,10
06/17/17 12:01:00,10
06/19/17 07:16:00,10
06/19/17 13:34:00,10
06/20/17 07:47:00,10
06/20/17 07:57:00,10
06/20/17 08:20:00,20
06/20/17 08:21:00,20
06/20/17 08:22:00,10
06/20/17 09:16:00,20
06/20/17 09:17:00,10
06/20/17 18:00:00,10
06/21/17 09:36:00,20
06/21/17 09:37:00,10
06/21/17 13:14:00,10
06/21/17 14:29:00,10
06/21/17 14:30:00,10
06/21/17 14:31:00,30
06/22/17 08:11:00,10
06/22/17 08:12:00,10
06/22/17 08:13:00,30
06/22/17 08:14:00,10
06/22/17 08:19:00,20
06/22/17 08:20:00,10
06/22/17 12:53:00,10
06/23/17 08:03:00,10
06/23/17 08:05:00,20
06/23/17 08:06:00,10
06/23/17 13:23:00,10
06/28/17 14:32:00,10
06/28/17 16:48:00,10
06/29/17 07:21:00,10
06/29/17 08:01:00,10
06/29/17 11:37:00,10
06/29/17 17:08:00,10
06/29/17 17:09:00,20
06/29/17 18:15:00,10
06/30/17 08:23:00,10
06/30/17 08:24:00,10
06/30/17 08:29:00,10
06/30/17 08:30:00,20
06/30/17 10:12:00,10
06/30/17 10:13:00,10
06/30/17 10:26:00,10
06/30/17 11:03:00,10
06/30/17 15:55:00,10
06/30/17 17:47:00,10
07/01/2017 14:21,10
07/01/2017 14:46,10
07/01/2017 16:01,10
07/01/2017 16:02,10
07/03/2017 12:22,10
07/03/2017 12:37,10
07/03/2017 18:31,10
07/03/2017 18:32,20
07/03/2017 18:59,10
07/03/2017 19:00,10
07/03/2017 22:02,10
07/04/2017 13:31,10
07/04/2017 18:38,20
07/04/2017 18:44,10
07/04/2017 18:46,10
07/05/2017 08:57,10
07/05/2017 13:57,10
07/05/2017 14:13,10
07/05/2017 14:22,10
07/06/2017 21:07,20
07/06/2017 21:11,10
07/06/2017 21:32,10
07/06/2017 21:33,10
07/06/2017 21:34,20
07/06/2017 21:35,10
07/06/2017 21:39,10
07/06/2017 22:09,10
07/07/2017 08:38,10
07/07/2017 08:39,30
07/07/2017 08:40,10
07/07/2017 08:42,20
07/07/2017 08:43,10
07/07/2017 08:44,40
07/07/2017 08:45,30
07/07/2017 18:49,20
07/08/2017 10:13,10
07/10/2017 14:15,10
07/11/2017 13:37,10
07/12/2017 17:52,10
07/13/17 13:31:00,20
07/13/17 14:57:00,10
07/13/17 14:58:00,20
07/13/17 14:59:00,10
07/13/17 15:00:00,10
07/13/17 19:44:00,10
07/13/17 19:46:00,20
07/13/17 19:47:00,10
07/13/17 19:48:00,10
07/13/17 19:51:00,10
07/13/17 19:53:00,30
07/13/17 19:55:00,10
07/13/17 19:56:00,40
07/13/17 20:01:00,10
07/13/17 20:03:00,10
07/13/17 20:05:00,30
07/13/17 20:06:00,20
07/13/17 20:08:00,10
07/13/17 20:09:00,20
07/13/17 20:10:00,30
07/14/17 17:42:00,10
07/14/17 18:39:00,10
07/15/17 09:56:00,10
07/18/17 08:28:00,10
07/18/17 14:11:00,10
07/19/17 13:49:00,10
07/19/17 18:24:00,10
07/20/17 17:32:00,10
07/20/17 17:33:00,10
07/20/17 17:35:00,10
07/20/17 17:36:00,10
07/21/17 17:03:00,10
07/22/17 09:41:00,10
07/24/17 08:17:00,10
07/24/17 08:35:00,10
07/24/17 09:16:00,10
07/24/17 13:29:00,10
07/25/17 10:01:00,10
07/26/17 10:52:00,10
07/26/17 13:10:00,10
07/26/17 13:29:00,10
07/26/17 13:32:00,20
07/26/17 15:25:00,10
07/26/17 15:30:00,10
07/26/17 16:01:00,10
07/27/17 10:07:00,10
07/28/17 09:16:00,10
07/28/17 09:18:00,20
07/28/17 13:15:00,10
07/28/17 13:26:00,10
07/29/17 09:31:00,10
07/29/17 09:32:00,30
07/29/17 09:54:00,20
07/29/17 13:20:00,10
07/29/17 13:47:00,10
07/29/17 14:16:00,10
07/29/17 14:40:00,10
07/29/17 14:42:00,10
07/29/17 14:43:00,30
07/29/17 14:44:00,70
07/29/17 14:45:00,20
07/29/17 19:34:00,10
07/29/17 19:39:00,10
07/29/17 21:59:00,10
07/31/17 12:27:00,10
07/31/17 13:10:00,10
07/31/17 14:15:00,10
07/31/17 14:18:00,10
07/31/17 14:20:00,10
07/31/17 15:54:00,10
07/31/17 16:31:00,10
08/01/2017 17:42,10
08/03/2017 14:27,10
08/03/2017 18:12,10
08/04/2017 13:42,10
08/05/2017 08:59,10
08/05/2017 10:49,10
08/05/2017 10:50,10
08/06/2017 15:10,10
08/09/2017 12:30,10
08/09/2017 12:33,10
08/09/2017 20:29,10
08/10/2017 09:37,10
08/10/2017 10:47,10
08/10/2017 10:52,10
08/10/2017 19:07,10
08/11/2017 08:39,10
08/11/2017 08:42,10
08/11/2017 13:18,10
08/11/2017 14:32,10
08/14/17 13:48:00,10
08/14/17 13:50:00,10
08/15/17 15:28:00,10
08/16/17 08:21:00,10
08/16/17 08:22:00,10
08/17/17 07:56:00,10
08/17/17 07:58:00,10
08/17/17 08:23:00,10
08/17/17 10:59:00,10
08/17/17 11:54:00,10
08/17/17 12:59:00,10
08/17/17 14:09:00,10
08/20/17 14:16:00,20
08/20/17 14:20:00,10
08/20/17 14:32:00,10
08/20/17 14:40:00,10
08/20/17 14:41:00,10
08/20/17 14:43:00,20
08/20/17 14:53:00,10
08/20/17 14:54:00,20
08/20/17 14:55:00,50
08/21/17 13:25:00,10
08/21/17 13:28:00,10
08/21/17 15:21:00,10
08/21/17 15:26:00,10
08/22/17 10:27:00,10
08/22/17 10:33:00,10
08/23/17 12:58:00,10
08/24/17 14:19:00,10
08/24/17 18:37:00,10
08/25/17 14:16:00,10
08/25/17 18:04:00,10
08/26/17 13:22:00,10
08/26/17 13:25:00,10
08/28/17 13:34:00,10
08/28/17 18:01:00,10
08/29/17 13:11:00,10
08/29/17 13:12:00,10
08/29/17 13:29:00,30
08/29/17 13:53:00,10
08/30/17 08:35:00,10
08/30/17 14:02:00,10
08/30/17 14:26:00,10
09/02/2017 13:33,10
09/03/2017 18:54,10
09/03/2017 18:57,20
09/03/2017 18:58,10
09/03/2017 18:59,70
09/03/2017 19:00,20
09/04/2017 07:37,10
09/04/2017 16:50,10
09/04/2017 17:58,10
09/05/2017 18:02,10
09/06/2017 16:55,10
09/06/2017 18:11,10
09/07/2017 09:58,10
09/07/2017 13:21,10
09/07/2017 14:34,10
09/07/2017 18:30,10
09/08/2017 16:59,10
09/09/2017 09:13,10
09/09/2017 09:15,10
09/11/2017 09:32,10
09/11/2017 09:45,10
09/11/2017 09:47,10
09/11/2017 10:11,10
09/11/2017 10:31,10
09/11/2017 11:28,10
09/11/2017 17:46,10
09/12/2017 08:23,10
09/12/2017 13:50,10
09/14/17 13:54:00,10
09/15/17 13:24:00,10
09/15/17 14:02:00,10
09/18/17 13:45:00,10
09/18/17 14:06:00,10
09/18/17 18:10:00,10
09/19/17 10:47:00,10
09/19/17 10:49:00,10
09/22/17 09:39:00,10
09/22/17 14:09:00,10
09/22/17 17:35:00,10
09/22/17 19:58:00,10
09/22/17 19:59:00,10
09/24/17 20:56:00,10
09/24/17 21:01:00,10
09/24/17 23:18:00,10
09/24/17 23:19:00,10
09/24/17 23:21:00,10
09/24/17 23:24:00,10
09/24/17 23:26:00,10
09/25/17 08:35:00,10
09/27/17 13:48:00,10
09/29/17 13:59:00,10
09/29/17 14:34:00,10
09/29/17 16:05:00,10
09/30/17 08:41:00,10
10/02/2017 10:37,10
10/02/2017 11:06,10
10/02/2017 11:47,10
10/02/2017 18:56,10
10/02/2017 19:01,10
10/02/2017 22:05,10
10/02/2017 22:16,20
10/02/2017 22:17,10
10/03/2017 10:31,10
10/03/2017 10:33,10
10/03/2017 15:48,10
10/04/2017 10:14,10
10/04/2017 10:18,10
10/04/2017 13:24,10
10/04/2017 13:55,10
10/04/2017 18:59,10
10/05/2017 09:10,20
10/05/2017 09:13,10
10/05/2017 09:14,10
10/05/2017 10:16,20
10/05/2017 10:21,10
10/05/2017 11:15,20
10/05/2017 13:44,10
10/05/2017 14:03,10
10/05/2017 14:18,10
10/05/2017 14:52,10
10/05/2017 14:53,20
10/05/2017 15:07,10
10/05/2017 15:08,10
10/05/2017 15:10,10
10/05/2017 15:26,10
10/05/2017 15:41,10
10/05/2017 15:42,10
10/05/2017 16:51,10
10/05/2017 16:55,10
10/05/2017 17:07,10
10/05/2017 17:11,30
10/05/2017 17:12,20
10/05/2017 17:14,10
10/05/2017 17:16,10
10/05/2017 17:18,10
10/05/2017 17:25,20
10/05/2017 17:29,10
10/05/2017 18:07,20
10/05/2017 18:13,10
10/05/2017 18:20,10
10/05/2017 18:21,10
10/05/2017 20:59,10
10/05/2017 21:00,10
10/05/2017 21:21,10
10/05/2017 21:23,10
10/05/2017 21:24,10
10/05/2017 21:25,20
10/06/2017 00:58,10
10/06/2017 01:53,10
10/06/2017 09:51,10
10/06/2017 10:33,10
10/06/2017 10:35,10
10/06/2017 11:28,10
10/06/2017 12:13,10
10/06/2017 12:25,10
10/06/2017 12:38,10
10/06/2017 13:14,10
10/06/2017 13:15,10
10/06/2017 13:16,10
10/06/2017 14:29,10
10/06/2017 14:30,10
10/06/2017 14:45,10
10/06/2017 14:46,10
10/06/2017 14:47,10
10/06/2017 14:51,10
10/06/2017 14:52,10
10/06/2017 14:53,10
10/06/2017 15:02,10
10/06/2017 15:03,10
10/06/2017 15:20,10
10/06/2017 15:37,10
10/06/2017 15:40,10
10/06/2017 17:02,10
10/06/2017 17:15,10
10/06/2017 18:30,10
10/06/2017 19:56,10
10/06/2017 20:16,10
10/06/2017 20:37,10
10/06/2017 20:46,10
10/06/2017 20:57,10
10/06/2017 21:00,10
10/06/2017 21:27,10
10/07/2017 10:41,10
10/07/2017 11:28,10
10/07/2017 12:12,10
10/07/2017 12:13,10
10/07/2017 12:15,20
10/07/2017 12:49,10
10/07/2017 14:14,10
10/07/2017 14:33,10
10/07/2017 14:34,10
10/07/2017 16:24,10
10/07/2017 16:51,10
10/07/2017 16:52,10
10/07/2017 17:40,30
10/07/2017 18:41,10
10/07/2017 18:55,10
10/07/2017 20:18,10
10/07/2017 20:44,10
10/07/2017 22:42,10
10/07/2017 23:03,10
10/08/2017 11:22,10
10/08/2017 11:24,20
10/08/2017 12:11,20
10/08/2017 14:20,10
10/08/2017 14:22,10
10/08/2017 17:53,20
10/08/2017 18:14,10
10/08/2017 18:22,10
10/08/2017 18:23,10
10/08/2017 19:05,10
10/08/2017 20:16,10
10/08/2017 21:49,10
10/08/2017 22:05,10
10/09/2017 01:32,10
10/09/2017 03:14,10
10/09/2017 08:47,10
10/09/2017 09:11,20
10/09/2017 11:15,10
10/09/2017 11:50,10
10/09/2017 11:51,10
10/09/2017 12:59,10
10/09/2017 17:43,10
10/09/2017 18:01,10
10/09/2017 18:36,10
10/09/2017 18:39,10
10/09/2017 18:51,10
10/09/2017 23:41,10
10/09/2017 23:42,10
10/10/2017 00:08,10
10/10/2017 09:11,20
10/10/2017 11:14,10
10/10/2017 11:32,20
10/10/2017 11:33,20
10/10/2017 11:34,30
10/10/2017 11:35,30
10/10/2017 11:36,10
10/10/2017 11:37,10
10/10/2017 11:40,10
10/10/2017 11:52,10
10/10/2017 11:53,10
10/10/2017 11:56,30
10/10/2017 11:57,10
10/10/2017 12:12,10
10/10/2017 12:40,10
10/10/2017 14:39,10
10/10/2017 14:50,10
10/10/2017 14:54,10
10/10/2017 15:27,10
10/10/2017 16:02,10
10/10/2017 16:12,10
10/10/2017 20:20,10
10/10/2017 20:25,10
10/10/2017 20:29,10
10/10/2017 20:30,10
10/10/2017 20:31,10
10/10/2017 20:32,10
10/10/2017 20:33,10
10/10/2017 23:42,10
10/11/2017 05:56,10
10/11/2017 06:28,10
10/11/2017 09:49,10
10/11/2017 09:51,10
10/11/2017 10:08,10
10/11/2017 10:09,10
10/11/2017 10:10,20
10/11/2017 10:11,30
10/11/2017 10:12,20
10/11/2017 10:13,10
10/11/2017 10:15,10
10/11/2017 10:19,30
10/11/2017 10:20,10
10/11/2017 14:20,10
10/11/2017 14:27,20
10/11/2017 14:33,10
10/11/2017 14:41,10
10/11/2017 14:43,10
10/11/2017 14:44,10
10/11/2017 14:45,20
10/11/2017 14:46,30
10/11/2017 14:47,30
10/11/2017 14:48,10
10/11/2017 14:49,10
10/11/2017 14:53,20
10/11/2017 16:02,10
10/11/2017 16:10,10
10/11/2017 17:19,10
10/11/2017 18:44,10
10/11/2017 23:39,10
10/11/2017 23:54,10
10/12/2017 10:03,10
10/12/2017 10:04,10
10/12/2017 10:09,20
10/12/2017 10:10,10
10/12/2017 10:11,30
10/12/2017 10:12,30
10/12/2017 10:13,10
10/12/2017 10:14,10
10/12/2017 10:17,20
10/12/2017 10:23,10
10/12/2017 10:28,10
10/12/2017 10:31,10
10/12/2017 10:33,10
10/12/2017 10:34,30
10/12/2017 10:35,10
10/12/2017 11:23,10
10/12/2017 11:56,10
10/12/2017 11:57,10
10/12/2017 12:01,10
10/12/2017 12:44,10
10/12/2017 13:06,10
10/12/2017 13:32,10
10/12/2017 13:38,20
10/12/2017 14:17,10
10/12/2017 14:18,10
10/12/2017 14:19,20
10/12/2017 14:20,20
10/12/2017 14:21,20
10/12/2017 14:22,20
10/12/2017 14:24,10
10/12/2017 14:26,10
10/12/2017 15:57,10
10/12/2017 16:07,20
10/12/2017 16:08,10
10/12/2017 16:49,10
10/12/2017 16:51,30
10/12/2017 21:51,10
10/13/17 09:27:00,10
10/13/17 09:28:00,10
10/13/17 10:02:00,10
10/13/17 12:54:00,10
10/13/17 13:09:00,10
10/13/17 13:33:00,20
10/13/17 13:34:00,10
10/13/17 13:49:00,10
10/13/17 17:25:00,10
10/13/17 17:47:00,10
10/13/17 19:13:00,20
10/13/17 20:27:00,10
10/13/17 20:37:00,20
10/13/17 20:56:00,10
10/13/17 21:02:00,10
10/14/17 08:20:00,10
10/14/17 10:21:00,20
10/14/17 11:47:00,20
10/14/17 12:12:00,10
10/14/17 14:40:00,10
10/14/17 14:45:00,10
10/14/17 14:46:00,10
10/14/17 15:23:00,10
10/14/17 15:59:00,10
10/14/17 16:22:00,10
10/14/17 16:56:00,10
10/14/17 18:06:00,10
10/14/17 18:11:00,10
10/14/17 18:12:00,10
10/14/17 18:13:00,10
10/14/17 19:25:00,10
10/14/17 19:26:00,10
10/14/17 19:27:00,20
10/14/17 19:28:00,30
10/14/17 19:29:00,20
10/14/17 19:30:00,10
10/14/17 19:31:00,10
10/14/17 19:33:00,10
10/14/17 19:35:00,10
10/14/17 19:36:00,10
10/14/17 19:37:00,10
10/14/17 19:38:00,10
10/14/17 22:25:00,10
10/14/17 23:17:00,10
10/15/17 03:24:00,10
10/15/17 09:26:00,10
10/15/17 09:37:00,10
10/15/17 11:38:00,10
10/15/17 11:42:00,10
10/15/17 14:05:00,10
10/15/17 15:11:00,10
10/15/17 15:14:00,10
10/15/17 16:05:00,10
10/15/17 16:11:00,10
10/15/17 16:18:00,20
10/15/17 16:19:00,20
10/15/17 17:10:00,10
10/15/17 18:27:00,10
10/15/17 18:48:00,20
10/15/17 19:41:00,10
10/15/17 19:47:00,10
10/15/17 20:04:00,10
10/16/17 10:32:00,20
10/16/17 10:33:00,20
10/16/17 10:34:00,20
10/16/17 10:35:00,40
10/16/17 10:36:00,10
10/16/17 10:37:00,10
10/16/17 10:38:00,10
10/16/17 10:39:00,20
10/16/17 10:40:00,20
10/16/17 12:01:00,10
10/16/17 12:25:00,10
10/16/17 15:36:00,10
10/16/17 16:04:00,10
10/16/17 16:08:00,20
10/16/17 16:10:00,10
10/16/17 16:24:00,10
10/16/17 16:25:00,10
10/16/17 16:26:00,20
10/16/17 16:27:00,20
10/16/17 16:28:00,30
10/16/17 16:30:00,10
10/16/17 16:41:00,10
10/16/17 16:42:00,10
10/16/17 16:55:00,10
10/16/17 16:57:00,10
10/16/17 16:58:00,10
10/16/17 17:52:00,10
10/16/17 21:20:00,30
10/16/17 21:27:00,10
10/17/17 07:49:00,10
10/17/17 07:55:00,10
10/17/17 07:56:00,10
10/17/17 07:57:00,10
10/17/17 07:58:00,10
10/17/17 07:59:00,10
10/17/17 11:56:00,10
10/17/17 11:57:00,10
10/17/17 13:01:00,10
10/17/17 13:54:00,10
10/17/17 14:05:00,10
10/17/17 14:06:00,10
10/17/17 14:15:00,10
10/17/17 14:20:00,10
10/17/17 14:57:00,10
10/17/17 14:59:00,20
10/17/17 15:14:00,10
10/17/17 16:14:00,10
10/17/17 16:38:00,10
10/17/17 17:10:00,10
10/17/17 17:15:00,10
10/17/17 17:21:00,20
10/17/17 17:32:00,10
10/17/17 17:53:00,10
10/17/17 18:05:00,10
10/17/17 18:06:00,10
10/17/17 18:13:00,10
10/17/17 20:03:00,10
10/17/17 20:15:00,20
10/17/17 20:17:00,10
10/17/17 20:49:00,10
10/17/17 20:53:00,10
10/18/17 08:55:00,10
10/18/17 08:56:00,20
10/18/17 08:57:00,10
10/18/17 08:58:00,30
10/18/17 08:59:00,30
10/18/17 09:00:00,20
10/18/17 09:01:00,10
10/18/17 09:02:00,10
10/18/17 09:03:00,10
10/18/17 09:04:00,30
10/18/17 10:01:00,10
10/18/17 13:27:00,10
10/18/17 17:45:00,10
10/18/17 20:11:00,10
10/18/17 23:05:00,10
10/19/17 00:23:00,10
10/19/17 07:56:00,10
10/19/17 07:58:00,10
10/19/17 07:59:00,10
10/19/17 08:00:00,20
10/19/17 08:01:00,20
10/19/17 08:02:00,30
10/19/17 08:03:00,30
10/19/17 08:04:00,10
10/19/17 08:22:00,20
10/19/17 08:26:00,10
10/19/17 09:47:00,10
10/19/17 09:48:00,10
10/19/17 11:49:00,10
10/19/17 12:38:00,10
10/19/17 12:39:00,10
10/19/17 13:01:00,10
10/19/17 13:04:00,20
10/19/17 13:06:00,10
10/19/17 14:44:00,10
10/19/17 14:48:00,20
10/19/17 14:57:00,10
10/19/17 15:00:00,10
10/19/17 15:04:00,10
10/19/17 15:09:00,10
10/19/17 15:10:00,10
10/19/17 18:13:00,10
10/19/17 18:14:00,10
10/19/17 18:18:00,10
10/19/17 18:22:00,10
10/19/17 21:40:00,10
10/19/17 21:59:00,10
10/19/17 22:16:00,10
10/19/17 22:21:00,20
10/20/17 09:58:00,10
10/20/17 10:06:00,20
10/20/17 10:07:00,20
10/20/17 10:08:00,20
10/20/17 10:09:00,30
10/20/17 10:10:00,30
10/20/17 10:12:00,20
10/20/17 11:58:00,10
10/20/17 12:15:00,10
10/20/17 13:10:00,10
10/20/17 13:14:00,10
10/20/17 16:34:00,20
10/20/17 17:58:00,20
10/20/17 19:10:00,10
10/20/17 19:17:00,10
10/20/17 19:18:00,10
10/21/17 08:57:00,20
10/21/17 09:18:00,10
10/21/17 09:19:00,10
10/21/17 09:22:00,10
10/21/17 11:24:00,10
10/21/17 11:42:00,10
10/21/17 13:49:00,10
10/21/17 13:51:00,10
10/21/17 13:52:00,10
10/21/17 13:59:00,10
10/21/17 14:27:00,10
10/21/17 19:07:00,10
10/21/17 19:22:00,10
10/21/17 19:23:00,10
10/21/17 20:08:00,10
10/21/17 20:41:00,10
10/21/17 21:59:00,10
10/21/17 22:04:00,20
10/22/17 09:58:00,10
10/22/17 10:48:00,10
10/22/17 11:08:00,10
10/22/17 11:11:00,10
10/22/17 11:24:00,10
10/22/17 14:27:00,20
10/22/17 14:44:00,20
10/22/17 14:45:00,20
10/22/17 14:47:00,10
10/22/17 14:48:00,10
10/22/17 15:03:00,30
10/22/17 15:04:00,20
10/22/17 20:23:00,10
10/22/17 20:39:00,10
10/23/17 09:07:00,10
10/23/17 09:08:00,10
10/23/17 10:27:00,20
10/23/17 10:28:00,10
10/23/17 10:31:00,10
10/23/17 10:48:00,10
10/23/17 11:39:00,20
10/23/17 11:40:00,20
10/23/17 11:41:00,40
10/23/17 11:42:00,20
10/23/17 11:43:00,20
10/23/17 11:45:00,10
10/23/17 11:51:00,10
10/23/17 12:16:00,10
10/23/17 12:18:00,10
10/23/17 17:15:00,10
10/23/17 17:43:00,10
10/23/17 17:46:00,20
10/23/17 18:07:00,10
10/23/17 21:20:00,10
10/23/17 21:30:00,10
10/23/17 21:31:00,10
10/23/17 21:32:00,20
10/23/17 21:33:00,10
10/23/17 21:34:00,10
10/23/17 21:35:00,10
10/23/17 21:48:00,10
10/23/17 21:49:00,20
10/23/17 21:50:00,10
10/23/17 21:51:00,10
10/23/17 21:52:00,10
10/23/17 21:59:00,20
10/23/17 22:08:00,10
10/23/17 22:13:00,10
10/24/17 08:07:00,10
10/24/17 08:08:00,10
10/24/17 08:09:00,10
10/24/17 08:10:00,10
10/24/17 08:11:00,10
10/24/17 11:41:00,10
10/24/17 11:54:00,10
10/24/17 11:55:00,20
10/24/17 11:56:00,30
10/24/17 11:57:00,30
10/24/17 11:58:00,10
10/24/17 11:59:00,10
10/24/17 12:00:00,10
10/24/17 12:02:00,10
10/24/17 13:32:00,10
10/24/17 13:43:00,20
10/24/17 13:51:00,10
10/24/17 13:59:00,10
10/24/17 16:24:00,10
10/24/17 16:42:00,10
10/24/17 17:04:00,10
10/24/17 17:24:00,10
10/24/17 17:25:00,10
10/24/17 19:46:00,10
10/24/17 22:50:00,20
10/24/17 22:52:00,20
10/25/17 07:46:00,10
10/25/17 07:47:00,20
10/25/17 07:48:00,20
10/25/17 07:49:00,30
10/25/17 07:50:00,30
10/25/17 07:51:00,10
10/25/17 07:52:00,20
10/25/17 09:14:00,10
10/25/17 09:15:00,40
10/25/17 09:20:00,10
10/25/17 10:00:00,10
10/25/17 10:05:00,10
10/25/17 12:08:00,10
10/25/17 12:09:00,20
10/25/17 12:25:00,10
10/25/17 13:52:00,10
10/25/17 13:57:00,10
10/25/17 13:58:00,10
10/25/17 14:02:00,10
10/25/17 15:54:00,10
10/25/17 16:06:00,10
10/25/17 17:54:00,10
10/25/17 18:08:00,10
10/25/17 21:34:00,10
10/25/17 22:25:00,10
10/25/17 22:58:00,10
10/25/17 23:08:00,10
10/26/17 07:58:00,10
10/26/17 07:59:00,10
10/26/17 08:00:00,10
10/26/17 08:01:00,20
10/26/17 08:02:00,20
10/26/17 08:03:00,30
10/26/17 08:04:00,20
10/26/17 08:06:00,20
10/26/17 08:07:00,10
10/26/17 08:12:00,10
10/26/17 09:11:00,10
10/26/17 09:12:00,10
10/26/17 09:13:00,40
10/26/17 09:21:00,10
10/26/17 10:08:00,10
10/26/17 10:18:00,10
10/26/17 12:02:00,30
10/26/17 12:03:00,30
10/26/17 12:05:00,10
10/26/17 12:06:00,10
10/26/17 12:55:00,10
10/26/17 13:09:00,10
10/26/17 13:25:00,10
10/26/17 13:42:00,10
10/26/17 14:12:00,10
10/26/17 14:24:00,10
10/26/17 14:25:00,10
10/26/17 14:40:00,10
10/26/17 15:54:00,10
10/26/17 18:18:00,10
10/26/17 18:39:00,10
10/26/17 18:51:00,10
10/26/17 18:52:00,30
10/26/17 18:53:00,10
10/26/17 21:04:00,10
10/26/17 21:12:00,10
10/26/17 21:13:00,10
10/26/17 21:18:00,30
10/26/17 21:19:00,10
10/26/17 21:30:00,10
10/26/17 21:33:00,10
10/26/17 21:34:00,10
10/26/17 22:20:00,10
10/26/17 22:21:00,10
10/26/17 22:31:00,10
10/26/17 22:35:00,20
10/26/17 23:43:00,20
10/26/17 23:57:00,10
10/27/17 00:09:00,20
10/27/17 08:48:00,10
10/27/17 08:56:00,10
10/27/17 09:03:00,10
10/27/17 09:04:00,10
10/27/17 09:05:00,10
10/27/17 09:06:00,10
10/27/17 09:07:00,20
10/27/17 09:08:00,20
10/27/17 09:09:00,30
10/27/17 09:11:00,10
10/27/17 09:51:00,10
10/27/17 11:54:00,10
10/27/17 12:09:00,20
10/27/17 12:10:00,10
10/27/17 12:11:00,30
10/27/17 12:12:00,40
10/27/17 12:14:00,20
10/27/17 12:15:00,10
10/27/17 15:54:00,10
10/27/17 16:17:00,20
10/27/17 17:04:00,10
10/27/17 17:08:00,10
10/27/17 17:09:00,20
10/27/17 17:10:00,20
10/27/17 21:21:00,10
10/27/17 22:06:00,20
10/28/17 10:20:00,10
10/28/17 10:25:00,10
10/28/17 10:26:00,10
10/28/17 10:56:00,10
10/28/17 11:03:00,10
10/28/17 11:08:00,20
10/28/17 11:19:00,10
10/28/17 11:21:00,10
10/28/17 11:24:00,10
10/28/17 11:25:00,10
10/28/17 13:27:00,10
10/28/17 13:35:00,10
10/28/17 13:38:00,20
10/28/17 13:39:00,20
10/28/17 13:47:00,10
10/28/17 13:49:00,10
10/28/17 13:51:00,10
10/28/17 13:52:00,10
10/28/17 13:53:00,10
10/28/17 13:55:00,10
10/28/17 18:13:00,10
10/28/17 20:41:00,10
10/29/17 02:36:00,10
10/29/17 02:40:00,10
10/29/17 02:48:00,10
10/29/17 03:24:00,10
10/29/17 03:25:00,10
10/29/17 03:27:00,10
10/29/17 03:33:00,10
10/29/17 03:36:00,10
10/29/17 03:38:00,10
10/29/17 03:39:00,10
10/29/17 03:45:00,10
10/29/17 03:48:00,10
10/29/17 03:49:00,10
10/29/17 04:08:00,20
10/29/17 11:31:00,10
10/29/17 11:32:00,10
10/29/17 11:33:00,10
10/29/17 11:38:00,20
10/29/17 11:39:00,10
10/29/17 11:40:00,10
10/29/17 11:41:00,20
10/29/17 11:42:00,10
10/29/17 11:43:00,10
10/29/17 11:44:00,10
10/29/17 11:45:00,30
10/29/17 11:46:00,10
10/29/17 11:52:00,10
10/29/17 11:53:00,10
10/29/17 17:12:00,10
10/29/17 17:18:00,10
10/29/17 17:20:00,10
10/30/17 09:09:00,10
10/30/17 10:45:00,10
10/30/17 10:53:00,10
10/30/17 11:07:00,10
10/30/17 11:38:00,10
10/30/17 11:39:00,10
10/30/17 14:35:00,10
10/30/17 14:57:00,10
10/30/17 16:14:00,10
10/30/17 16:20:00,20
10/30/17 16:26:00,10
10/30/17 20:29:00,10
10/30/17 20:44:00,10
10/30/17 21:14:00,10
10/30/17 21:27:00,10
10/30/17 21:48:00,10
10/30/17 22:26:00,20
10/30/17 23:50:00,10
10/31/17 10:36:00,10
10/31/17 10:37:00,10
10/31/17 10:41:00,10
10/31/17 12:29:00,10
10/31/17 14:26:00,10
10/31/17 14:55:00,20
10/31/17 15:57:00,20
10/31/17 16:05:00,10
10/31/17 16:16:00,20
10/31/17 17:26:00,10
10/31/17 18:03:00,10
10/31/17 21:44:00,10
10/31/17 22:34:00,20
11/01/2017 04:32,10
11/01/2017 04:40,10
11/01/2017 04:58,10
11/01/2017 05:28,40
11/01/2017 05:32,20
11/01/2017 06:44,10
11/01/2017 07:07,10
11/01/2017 07:20,20
11/01/2017 14:25,20
11/01/2017 14:28,10
11/01/2017 16:36,10
11/01/2017 16:43,10
11/01/2017 17:16,10
11/01/2017 18:45,10
11/01/2017 18:55,20
11/01/2017 19:03,10
11/01/2017 19:43,20
11/01/2017 20:32,10
11/01/2017 20:46,10
11/01/2017 20:50,20
11/01/2017 21:37,10
11/01/2017 22:29,10
11/02/2017 07:49,10
11/02/2017 07:51,10
11/02/2017 07:52,10
11/02/2017 07:53,10
11/02/2017 07:54,20
11/02/2017 07:55,30
11/02/2017 07:56,30
11/02/2017 07:57,10
11/02/2017 07:58,20
11/02/2017 08:00,10
11/02/2017 08:01,10
11/02/2017 08:07,10
11/02/2017 10:33,10
11/02/2017 10:35,10
11/02/2017 11:48,10
11/02/2017 12:36,10
11/02/2017 13:28,10
11/02/2017 13:34,20
11/02/2017 14:42,10
11/02/2017 15:31,10
11/02/2017 15:35,10
11/02/2017 16:01,10
11/02/2017 16:11,20
11/02/2017 16:15,10
11/02/2017 16:47,10
11/02/2017 17:02,10
11/02/2017 17:22,10
11/02/2017 18:54,10
11/02/2017 18:55,10
11/02/2017 18:58,10
11/02/2017 19:06,10
11/02/2017 19:32,10
11/02/2017 19:42,10
11/02/2017 21:12,10
11/02/2017 21:46,10
11/02/2017 21:54,10
11/02/2017 22:25,10
11/03/2017 00:02,10
11/03/2017 00:08,30
11/03/2017 00:09,20
11/03/2017 00:10,20
11/03/2017 02:03,10
11/03/2017 02:05,10
11/03/2017 02:06,10
11/03/2017 02:07,10
11/03/2017 02:09,10
11/03/2017 02:16,20
11/03/2017 02:30,10
11/03/2017 09:17,10
11/03/2017 09:18,20
11/03/2017 09:19,30
11/03/2017 09:20,30
11/03/2017 09:21,10
11/03/2017 09:22,10
11/03/2017 09:23,20
11/03/2017 16:01,10
11/03/2017 16:11,10
11/03/2017 16:16,10
11/03/2017 16:17,20
11/03/2017 16:18,20
11/03/2017 16:19,20
11/03/2017 16:20,30
11/03/2017 16:22,10
11/03/2017 16:23,10
11/03/2017 16:38,10
11/03/2017 18:19,10
11/03/2017 18:20,20
11/03/2017 18:51,20
11/05/2017 14:11,10
11/05/2017 14:12,10
11/05/2017 20:28,10
11/05/2017 20:38,10
11/05/2017 23:21,20
11/06/2017 12:46,10
11/06/2017 12:47,10
11/06/2017 12:48,20
11/06/2017 12:49,20
11/06/2017 12:50,40
11/06/2017 12:51,10
11/06/2017 12:52,10
11/06/2017 12:53,10
11/06/2017 15:05,10
11/06/2017 19:31,10
11/06/2017 19:37,10
11/06/2017 19:38,10
11/06/2017 19:39,10
11/06/2017 19:40,20
11/06/2017 19:41,20
11/06/2017 19:50,10
11/06/2017 19:51,10
11/06/2017 23:40,20
11/06/2017 23:41,10
11/06/2017 23:42,10
11/06/2017 23:43,10
11/06/2017 23:45,10
11/06/2017 23:52,20
11/07/2017 00:06,10
09/28/20 17:32:00,10
09/29/20 09:41:00,10
09/29/20 11:03:00,10
09/29/20 11:15:00,10
09/29/20 11:36:00,10
09/29/20 11:37:00,10
09/29/20 11:40:00,10
09/29/20 11:54:00,10
09/29/20 11:55:00,10
09/29/20 13:09:00,10
09/29/20 13:26:00,10
09/29/20 13:43:00,10
09/29/20 16:46:00,40
09/29/20 16:47:00,20
09/29/20 19:26:00,10
09/29/20 19:33:00,10
09/30/20 13:33:00,10
09/30/20 13:34:00,10
09/30/20 13:36:00,10
09/30/20 13:38:00,10
09/30/20 13:39:00,10
09/30/20 13:57:00,10
09/30/20 15:10:00,10
09/30/20 15:11:00,10
09/30/20 15:22:00,10
09/30/20 15:23:00,10
09/30/20 16:00:00,10
09/30/20 16:31:00,10
09/30/20 18:05:00,10
09/30/20 18:15:00,10
10/01/2020 09:33,20
10/01/2020 09:42,20
10/01/2020 09:56,10
10/01/2020 11:59,10
10/01/2020 12:00,20
10/01/2020 12:02,40
10/01/2020 12:03,10
10/01/2020 12:38,30
10/01/2020 12:39,10
10/01/2020 12:54,20
10/01/2020 15:24,10
10/08/2020 13:21,10
10/08/2020 13:22,10
10/08/2020 13:26,20
10/08/2020 13:27,40
10/08/2020 13:28,20
10/08/2020 13:57,10
10/08/2020 14:14,10
10/14/20 16:46:00,20
10/14/20 16:49:00,10
10/14/20 17:26:00,10
10/14/20 17:43:00,10
10/20/20 16:10:00,10
10/22/20 17:49:00,20
10/22/20 18:27:00,10
10/27/20 17:05:00,10
10/27/20 17:06:00,10
10/27/20 17:09:00,10
10/27/20 17:37:00,10
11/02/2020 13:27,10
11/02/2020 13:28,10
11/02/2020 13:31,10
11/02/2020 14:04,10
11/02/2020 14:21,10
11/04/2020 09:15,10
11/04/2020 10:31,20
11/04/2020 10:32,20
11/04/2020 10:34,10
11/04/2020 10:35,10
11/04/2020 10:58,10
11/04/2020 10:59,10
11/04/2020 16:31,10
11/04/2020 16:49,10
11/07/2020 15:39,10
11/07/2020 15:40,10
11/07/2020 15:43,10
11/07/2020 16:10,10
11/10/2020 17:44,20
11/10/2020 17:48,10
11/10/2020 18:11,10
11/10/2020 18:29,10
11/11/2020 09:30,20
11/11/2020 09:35,10
11/11/2020 09:55,10
11/11/2020 10:41,10
11/11/2020 11:08,30
11/11/2020 11:18,10
11/11/2020 11:19,20
11/11/2020 11:20,20
11/11/2020 11:21,30
11/11/2020 11:22,30
11/11/2020 11:23,30
11/11/2020 11:24,40
11/11/2020 11:25,30
11/11/2020 11:26,20
11/11/2020 11:27,10
11/11/2020 11:49,10
11/11/2020 12:10,20
11/11/2020 12:54,10
11/11/2020 13:15,10
11/11/2020 13:23,10
11/11/2020 13:56,10
11/11/2020 14:01,10
11/12/2020 16:00,10
11/16/20 10:08:00,20
11/16/20 10:11:00,10
11/16/20 10:12:00,10
11/16/20 10:23:00,10
11/16/20 10:24:00,20
11/16/20 10:27:00,10
11/16/20 10:28:00,10
11/16/20 10:29:00,10
11/16/20 10:30:00,10
11/16/20 10:31:00,10
11/16/20 10:32:00,10
11/16/20 10:33:00,10
11/16/20 10:35:00,20
11/16/20 10:36:00,20
11/16/20 10:37:00,30
11/16/20 10:45:00,10
11/16/20 10:54:00,10
11/16/20 11:06:00,10
11/16/20 11:13:00,10
11/16/20 11:14:00,10
11/16/20 11:15:00,10
11/16/20 11:16:00,10
11/16/20 11:17:00,10
11/16/20 11:18:00,10
11/16/20 11:20:00,10
11/16/20 11:21:00,20
11/16/20 11:22:00,20
11/16/20 11:23:00,10
11/16/20 11:24:00,10
11/16/20 11:42:00,10
11/16/20 11:43:00,10
11/16/20 12:46:00,10
11/16/20 13:05:00,10
11/17/20 10:07:00,10
11/17/20 14:55:00,10
11/17/20 15:22:00,10
11/20/20 16:11:00,10
11/20/20 18:22:00,10
11/20/20 20:40:00,20
11/20/20 21:00:00,10
11/21/20 17:11:00,10
11/21/20 17:12:00,10
11/21/20 17:37:00,10
11/23/20 11:05:00,10
11/23/20 11:31:00,10
11/24/20 08:14:00,10
11/24/20 10:59:00,10
11/24/20 11:27:00,10
11/24/20 11:31:00,10
11/24/20 11:32:00,20
11/24/20 11:33:00,10
11/24/20 11:34:00,10
11/24/20 11:35:00,10
11/24/20 11:36:00,10
11/24/20 11:38:00,20
11/24/20 11:39:00,30
11/24/20 11:40:00,10
11/24/20 12:25:00,10
11/24/20 12:30:00,10
11/24/20 12:46:00,10
11/24/20 16:48:00,10
11/24/20 16:54:00,10
11/24/20 17:52:00,10
11/25/20 13:29:00,10
11/25/20 13:44:00,10
11/25/20 13:47:00,10
11/25/20 13:48:00,20
11/25/20 13:49:00,10
11/25/20 13:51:00,10
11/25/20 13:52:00,10
11/25/20 13:53:00,10
11/25/20 13:55:00,30
11/25/20 13:56:00,20
11/25/20 13:57:00,10
11/25/20 14:19:00,10
11/25/20 14:24:00,10
11/25/20 19:10:00,10
11/26/20 10:51:00,10
11/26/20 10:52:00,30
11/26/20 10:53:00,20
11/26/20 11:31:00,10
11/26/20 15:51:00,10
11/26/20 16:12:00,10
11/26/20 20:42:00,10
11/27/20 10:36:00,10
11/27/20 10:49:00,10
11/27/20 11:33:00,10
11/27/20 17:46:00,10
11/28/20 09:30:00,10
11/28/20 09:31:00,20
11/28/20 09:45:00,10
11/28/20 10:48:00,10
11/28/20 11:39:00,10
11/28/20 11:40:00,10
11/28/20 11:42:00,10
11/28/20 11:44:00,10
11/28/20 12:07:00,10
11/28/20 12:14:00,10
11/28/20 12:22:00,20
11/28/20 12:23:00,20
11/28/20 12:26:00,10
11/28/20 12:27:00,10
11/28/20 12:28:00,10
11/28/20 12:29:00,20
11/28/20 12:31:00,10
11/28/20 12:32:00,10
11/28/20 12:33:00,20
11/28/20 12:34:00,30
11/28/20 12:35:00,10
11/28/20 14:04:00,10
11/28/20 14:15:00,10
11/29/20 11:32:00,10
11/30/20 11:29:00,10
11/30/20 11:53:00,10
11/30/20 11:57:00,10
11/30/20 16:21:00,10
11/30/20 16:27:00,10
11/30/20 17:38:00,10
11/30/20 18:28:00,10
12/01/2020 16:33,10
12/01/2020 16:35,10
12/01/2020 16:50,10
12/02/2020 11:49,30
12/02/2020 11:50,20
12/02/2020 12:15,10
12/02/2020 12:48,10
12/02/2020 12:58,10
12/02/2020 13:04,10
12/02/2020 13:15,20
12/02/2020 13:20,10
12/02/2020 13:21,20
12/02/2020 13:22,10
12/02/2020 13:23,10
12/02/2020 13:24,10
12/02/2020 13:25,10
12/02/2020 13:27,20
12/02/2020 13:28,30
12/02/2020 13:29,10
12/02/2020 14:05,10
12/02/2020 18:57,10
12/02/2020 19:48,10
12/02/2020 19:52,10
12/02/2020 20:16,10
12/03/2020 00:15,10
12/03/2020 15:38,10
12/03/2020 15:39,30
12/03/2020 15:40,20
12/03/2020 18:55,10
12/04/2020 11:50,10
12/04/2020 11:56,10
12/04/2020 12:06,30
12/04/2020 12:07,20
12/04/2020 12:08,10
12/04/2020 12:44,10
12/04/2020 12:52,10
12/04/2020 13:04,10
12/04/2020 13:10,10
12/04/2020 18:36,10
12/04/2020 18:56,10
12/04/2020 19:40,10
12/04/2020 19:59,10
12/04/2020 20:04,10
12/04/2020 20:08,10
12/04/2020 20:12,10
12/04/2020 20:19,10
12/04/2020 20:20,10
12/04/2020 21:27,10
12/04/2020 21:33,10
12/05/2020 13:37,10
12/05/2020 15:42,10
12/05/2020 16:02,10
12/05/2020 16:23,10
12/05/2020 16:32,10
12/05/2020 16:49,10
12/05/2020 16:57,10
12/05/2020 19:33,10
12/05/2020 23:29,10
12/06/2020 12:17,10
12/06/2020 12:28,10
12/06/2020 12:31,10
12/06/2020 12:46,10
12/06/2020 14:07,20
12/06/2020 14:13,10
12/06/2020 14:22,20
12/06/2020 14:23,10
12/06/2020 14:24,10
12/06/2020 14:27,20
12/06/2020 14:28,10
12/06/2020 14:29,10
12/06/2020 14:31,10
12/06/2020 14:32,10
12/06/2020 14:33,10
12/06/2020 14:34,10
12/06/2020 14:35,20
12/06/2020 14:36,20
12/06/2020 14:52,10
12/06/2020 15:45,10
12/06/2020 16:06,10
12/06/2020 21:45,10
12/07/2020 09:54,30
12/07/2020 09:55,20
12/07/2020 10:42,10
12/07/2020 11:03,10
12/07/2020 17:03,10
12/07/2020 17:29,10
12/07/2020 19:22,10
12/07/2020 23:17,10
12/07/2020 23:19,10
12/08/2020 11:37,10
12/08/2020 12:28,10
12/08/2020 13:18,10
12/08/2020 13:27,10
12/08/2020 13:28,10
12/08/2020 13:48,10
12/08/2020 15:02,10
12/08/2020 15:37,10
12/08/2020 15:47,10
12/08/2020 15:48,10
12/08/2020 15:49,10
12/08/2020 16:23,30
12/08/2020 16:26,10
12/08/2020 16:27,10
12/08/2020 16:28,10
12/08/2020 16:29,10
12/08/2020 16:30,10
12/08/2020 16:31,10
12/08/2020 16:32,10
12/08/2020 16:33,20
12/08/2020 16:34,20
12/08/2020 16:35,10
12/08/2020 17:31,10
12/08/2020 17:46,10
12/08/2020 18:51,10
12/08/2020 23:37,10
12/09/2020 14:56,10
12/09/2020 15:10,10
12/09/2020 15:17,10
12/09/2020 15:30,10
12/09/2020 15:54,10
12/09/2020 15:57,10
12/09/2020 16:02,10
12/09/2020 16:09,10
12/09/2020 17:27,10
12/09/2020 20:44,10
12/10/2020 13:39,10
12/10/2020 14:00,10
12/10/2020 14:08,10
12/10/2020 17:18,10
12/10/2020 17:20,10
12/10/2020 17:44,10
12/10/2020 18:13,10
12/10/2020 18:14,10
12/10/2020 19:49,10
12/10/2020 20:23,10
12/11/2020 08:50,10
12/11/2020 08:52,10
12/11/2020 08:53,10
12/11/2020 09:08,10
12/11/2020 09:26,20
12/11/2020 09:51,10
12/11/2020 10:54,10
12/11/2020 11:06,10
12/11/2020 11:07,10
12/11/2020 11:09,10
12/11/2020 11:11,10
12/11/2020 11:24,20
12/11/2020 11:25,20
12/11/2020 11:28,10
12/11/2020 11:29,20
12/11/2020 11:30,10
12/11/2020 11:31,10
12/11/2020 11:33,10
12/11/2020 11:34,10
12/11/2020 11:35,20
12/11/2020 11:36,30
12/11/2020 11:37,10
12/11/2020 15:37,10
12/11/2020 19:16,10
12/11/2020 20:26,10
12/12/2020 12:16,10
12/12/2020 13:16,10
12/12/2020 13:34,10
12/12/2020 13:37,10
12/12/2020 16:55,10
12/12/2020 20:29,10
12/12/2020 20:54,10
12/12/2020 22:00,10
12/13/20 00:40:00,10
12/13/20 02:56:00,10
12/13/20 13:55:00,10
12/13/20 14:10:00,10
12/13/20 14:18:00,10
12/13/20 14:32:00,10
12/13/20 14:38:00,10
12/13/20 15:22:00,10
12/13/20 19:40:00,10
12/13/20 20:16:00,10
12/13/20 20:47:00,10
12/13/20 21:05:00,10
12/13/20 21:23:00,10
12/14/20 10:30:00,10
12/14/20 10:31:00,30
12/14/20 10:32:00,20
12/14/20 11:29:00,10
12/14/20 15:45:00,10
12/14/20 16:08:00,10
12/14/20 16:40:00,10
12/14/20 16:49:00,10
12/14/20 22:35:00,10
12/15/20 17:39:00,10
12/15/20 17:45:00,10
12/15/20 17:52:00,10
12/16/20 00:02:00,10
12/16/20 00:11:00,10
12/16/20 12:50:00,10
12/16/20 15:51:00,10
12/16/20 16:01:00,10
12/16/20 16:03:00,10
12/16/20 16:21:00,10
12/16/20 16:47:00,10
12/16/20 22:59:00,10
12/16/20 23:02:00,10
12/17/20 13:01:00,10
12/17/20 13:05:00,10
12/17/20 13:06:00,20
12/17/20 13:07:00,10
12/17/20 13:08:00,10
12/17/20 13:10:00,10
12/17/20 13:11:00,10
12/17/20 13:12:00,30
12/17/20 13:13:00,10
12/17/20 13:14:00,10
12/17/20 13:45:00,10
12/17/20 16:53:00,30
12/17/20 16:54:00,10
12/17/20 16:55:00,10
12/17/20 17:03:00,10
12/17/20 17:50:00,10
12/18/20 03:58:00,10
12/18/20 15:03:00,10
12/19/20 01:01:00,10
12/19/20 01:08:00,10
12/19/20 01:27:00,10
12/19/20 01:46:00,10
12/19/20 01:52:00,10
12/19/20 18:27:00,10
12/19/20 20:39:00,10
12/19/20 20:58:00,10
12/20/20 16:33:00,10
12/20/20 16:41:00,10
12/20/20 23:27:00,10
12/20/20 23:30:00,10
12/21/20 23:05:00,10
12/22/20 11:52:00,10
12/22/20 12:01:00,10
12/22/20 20:39:00,10
12/22/20 23:15:00,10
12/23/20 12:21:00,10
12/23/20 12:32:00,20
12/23/20 13:19:00,10
12/24/20 09:16:00,10
12/24/20 09:17:00,10
12/24/20 09:52:00,10
12/24/20 10:02:00,20
12/24/20 10:21:00,10
12/24/20 10:22:00,20
12/24/20 10:23:00,20
12/24/20 10:24:00,10
12/24/20 10:27:00,10
12/24/20 10:28:00,10
12/24/20 10:29:00,10
12/24/20 10:30:00,10
12/24/20 10:31:00,10
12/24/20 10:32:00,10
12/24/20 10:34:00,10
12/24/20 10:35:00,30
12/24/20 10:36:00,10
12/24/20 10:37:00,10
12/24/20 11:23:00,10
12/24/20 11:35:00,10
12/24/20 11:36:00,30
12/24/20 11:37:00,20
12/24/20 15:15:00,10
12/24/20 15:37:00,10
12/24/20 22:23:00,10
12/25/20 17:20:00,10
12/25/20 18:16:00,10
12/25/20 23:35:00,10
12/26/20 10:13:00,10
12/26/20 10:19:00,10
12/26/20 10:26:00,10
12/26/20 10:40:00,10
12/26/20 10:49:00,10
12/26/20 10:54:00,10
12/26/20 18:00:00,10
12/26/20 18:18:00,10
12/26/20 18:31:00,10
12/26/20 19:03:00,10
12/26/20 19:24:00,10
12/26/20 19:32:00,10
12/26/20 19:41:00,10
12/26/20 20:27:00,10
12/27/20 03:49:00,10
12/27/20 16:57:00,10
12/28/20 16:09:00,10
12/28/20 17:57:00,10
12/29/20 01:00:00,10
12/29/20 01:18:00,10
12/29/20 01:36:00,10
12/29/20 01:48:00,10
12/29/20 01:54:00,10
12/29/20 09:54:00,10
12/29/20 10:05:00,20
12/29/20 10:09:00,10
12/29/20 10:10:00,20
12/29/20 10:12:00,10
12/29/20 10:13:00,10
12/29/20 10:24:00,20
12/29/20 10:25:00,20
12/29/20 10:26:00,10
12/29/20 10:54:00,10
12/29/20 13:44:00,10
12/29/20 14:01:00,10
12/29/20 14:19:00,10
12/29/20 23:26:00,10
12/29/20 23:30:00,10
12/29/20 23:35:00,10
12/30/20 13:33:00,10
12/30/20 13:42:00,10
12/30/20 14:00:00,10
12/30/20 20:46:00,10
12/30/20 21:27:00,10
12/31/20 11:36:00,10
12/31/20 11:37:00,30
12/31/20 11:38:00,20
12/31/20 11:54:00,10
12/31/20 13:15:00,10
12/31/20 13:17:00,10
12/31/20 17:44:00,10
12/31/20 17:59:00,10
12/31/20 18:11:00,10
12/31/20 18:17:00,10
12/31/20 22:52:00,10
01/01/2021 15:30,10
01/01/2021 15:54,10
01/01/2021 16:11,10
01/01/2021 16:28,10
01/01/2021 16:33,10
01/01/2021 16:39,10
01/01/2021 23:27,10
01/01/2021 23:40,10
01/01/2021 23:41,10
01/01/2021 23:43,10
01/02/2021 01:23,10
01/02/2021 15:37,10
01/02/2021 15:48,10
01/02/2021 16:03,10
01/03/2021 00:57,10
01/03/2021 01:12,10
01/03/2021 17:07,10
01/03/2021 17:42,10
01/04/2021 01:31,10
01/04/2021 15:14,10
01/04/2021 23:17,10
01/05/2021 17:58,10
01/05/2021 18:07,10
01/05/2021 18:31,10
01/06/2021 03:58,10
01/06/2021 16:41,10
01/06/2021 16:44,10
01/06/2021 17:02,10
01/06/2021 17:10,10
01/07/2021 00:45,10
01/07/2021 11:23,10
01/07/2021 11:32,20
01/07/2021 11:34,10
01/07/2021 11:45,10
01/07/2021 12:05,10
01/07/2021 12:06,10
01/07/2021 12:13,10
01/07/2021 12:15,10
01/07/2021 12:18,10
01/07/2021 12:19,10
01/07/2021 12:51,10
01/07/2021 13:00,10
01/07/2021 13:22,20
01/07/2021 13:23,20
01/07/2021 13:27,20
01/07/2021 13:28,10
01/07/2021 13:29,10
01/07/2021 13:30,10
01/07/2021 13:31,10
01/07/2021 13:33,10
01/07/2021 13:34,30
01/07/2021 13:35,20
01/07/2021 13:59,10
01/08/2021 16:55,10
01/08/2021 17:10,10
01/08/2021 17:30,10
01/08/2021 22:58,10
01/09/2021 11:33,20
01/09/2021 11:34,20
01/09/2021 11:35,10
01/09/2021 11:36,10
01/09/2021 15:55,10
01/09/2021 15:59,10
01/09/2021 23:12,10
01/09/2021 23:16,10
01/10/2021 00:00,10
01/10/2021 02:26,10
01/10/2021 11:59,10
01/10/2021 12:10,10
01/10/2021 12:27,10
01/10/2021 12:34,10
01/10/2021 16:31,10
01/10/2021 16:49,10
01/10/2021 17:13,10
01/10/2021 17:28,10
01/10/2021 17:45,10
01/10/2021 18:18,10
01/10/2021 18:56,10
01/10/2021 23:44,10
01/11/2021 18:06,10
01/12/2021 00:50,10
01/12/2021 11:45,10
01/12/2021 12:10,10
01/12/2021 12:29,10
01/12/2021 12:32,10
01/12/2021 18:33,10
01/12/2021 18:43,10
01/12/2021 18:48,10
01/12/2021 19:09,10
01/12/2021 23:49,10
01/13/21 17:27:00,10
01/13/21 17:39:00,10
01/13/21 18:03:00,10
01/13/21 18:08:00,10
01/13/21 23:18:00,10
01/14/21 13:01:00,10
01/14/21 13:19:00,10
01/14/21 23:14:00,10
01/15/21 09:30:00,20
01/15/21 09:31:00,10
01/15/21 09:44:00,10
01/15/21 09:50:00,10
01/15/21 10:13:00,10
01/15/21 10:14:00,10
01/15/21 10:41:00,20
01/15/21 10:52:00,10
01/15/21 11:22:00,10
01/15/21 11:23:00,20
01/15/21 11:24:00,10
01/15/21 11:27:00,10
01/15/21 11:28:00,10
01/15/21 11:29:00,10
01/15/21 11:30:00,10
01/15/21 11:31:00,10
01/15/21 11:32:00,10
01/15/21 11:34:00,20
01/15/21 11:35:00,20
01/15/21 11:36:00,20
01/15/21 13:14:00,10
01/15/21 20:18:00,10
01/15/21 20:52:00,10
01/15/21 21:09:00,10
01/15/21 21:10:00,10
01/15/21 23:30:00,10
01/16/21 00:30:00,10
01/16/21 11:53:00,10
01/16/21 12:55:00,10
01/16/21 13:06:00,10
01/17/21 02:57:00,10
01/17/21 13:43:00,10
01/17/21 14:09:00,10
01/17/21 14:56:00,10
01/17/21 21:19:00,10
01/17/21 21:36:00,10
01/18/21 12:04:00,10
01/18/21 13:59:00,10
01/18/21 14:22:00,10
01/18/21 16:30:00,10
01/18/21 16:35:00,10
01/18/21 21:58:00,10
01/18/21 22:00:00,10
01/19/21 11:49:00,10
01/19/21 11:50:00,30
01/19/21 11:51:00,20
01/19/21 12:00:00,10
01/19/21 12:07:00,10
01/19/21 19:00:00,10
01/19/21 19:09:00,10
01/19/21 19:27:00,10
01/19/21 19:43:00,10
01/20/21 09:50:00,10
01/20/21 09:58:00,20
01/20/21 09:59:00,20
01/20/21 10:00:00,20
01/20/21 10:03:00,10
01/20/21 15:21:00,10
01/20/21 15:32:00,10
01/20/21 15:34:00,10
01/20/21 15:44:00,10
01/20/21 15:53:00,10
01/20/21 16:27:00,10
01/20/21 16:28:00,10
01/20/21 16:59:00,10
01/20/21 17:28:00,20
01/20/21 17:29:00,10
01/20/21 17:55:00,10
01/20/21 18:05:00,10
01/20/21 18:06:00,10
01/20/21 18:21:00,10
01/20/21 18:22:00,10
01/20/21 18:23:00,20
01/20/21 18:24:00,10
01/20/21 18:27:00,20
01/20/21 18:28:00,10
01/20/21 18:29:00,10
01/20/21 18:33:00,20
01/20/21 18:34:00,20
01/20/21 18:35:00,20
01/20/21 18:46:00,10
01/20/21 22:52:00,10
01/20/21 22:54:00,10
01/21/21 10:32:00,10
01/21/21 13:53:00,10
01/21/21 14:13:00,10
01/21/21 14:22:00,10
01/21/21 18:49:00,10
01/21/21 19:19:00,10
01/21/21 19:33:00,10
01/21/21 19:43:00,10
01/21/21 21:39:00,10
01/21/21 21:50:00,10
01/21/21 21:57:00,10
01/21/21 22:11:00,10
01/22/21 10:34:00,10
01/22/21 10:58:00,10
01/22/21 13:18:00,10
01/22/21 13:27:00,10
01/22/21 13:47:00,10
01/22/21 13:49:00,10
01/22/21 21:46:00,10
01/22/21 22:04:00,10
01/22/21 22:07:00,10
01/23/21 11:43:00,10
01/23/21 12:00:00,10
01/23/21 12:52:00,10
01/23/21 20:30:00,10
01/23/21 22:11:00,10
01/24/21 12:25:00,10
01/24/21 12:37:00,10
01/24/21 12:58:00,10
01/25/21 23:26:00,10
01/26/21 16:33:00,10
01/26/21 16:47:00,10
01/26/21 22:28:00,10
01/27/21 17:08:00,10
01/27/21 17:42:00,10
01/27/21 17:53:00,10
01/27/21 18:11:00,10
01/27/21 18:16:00,10
01/28/21 12:45:00,10
01/28/21 13:03:00,10
01/28/21 13:36:00,10
01/28/21 13:43:00,10
01/28/21 16:00:00,10
01/28/21 16:01:00,30
01/28/21 16:02:00,10
01/28/21 16:27:00,10
01/28/21 16:29:00,10
01/28/21 16:42:00,10
01/28/21 17:11:00,10
01/28/21 19:34:00,10
01/28/21 19:39:00,10
01/28/21 20:05:00,10
01/29/21 11:21:00,10
01/29/21 11:27:00,10
01/29/21 11:34:00,10
01/29/21 11:39:00,10
01/29/21 11:49:00,20
01/29/21 11:50:00,20
01/29/21 11:51:00,10
01/29/21 11:52:00,10
01/29/21 12:09:00,10
01/29/21 12:12:00,10
01/29/21 12:22:00,10
01/29/21 18:12:00,10
01/29/21 18:21:00,10
01/29/21 18:31:00,10
01/29/21 18:40:00,10
01/29/21 18:45:00,10
01/29/21 18:59:00,10
01/29/21 19:49:00,10
01/29/21 20:07:00,10
01/30/21 13:47:00,10
01/30/21 21:54:00,10
01/31/21 15:03:00,10
02/01/2021 13:43,10
02/01/2021 14:04,10
02/01/2021 17:56,10
02/01/2021 18:05,10
02/01/2021 18:24,10
02/02/2021 12:04,10
02/02/2021 12:27,10
02/03/2021 15:03,10
02/03/2021 15:05,10
02/03/2021 18:28,10
02/03/2021 20:07,10
02/03/2021 20:14,10
02/03/2021 20:45,10
02/03/2021 20:48,10
02/03/2021 21:24,10
02/04/2021 10:45,10
02/04/2021 16:25,10
02/04/2021 16:26,10
02/04/2021 16:40,20
02/04/2021 16:41,10
02/04/2021 16:42,10
02/04/2021 16:44,10
02/04/2021 16:45,10
02/04/2021 17:00,10
02/04/2021 17:01,20
02/04/2021 17:02,20
02/04/2021 17:03,10
02/04/2021 17:17,10
02/04/2021 17:28,10
02/04/2021 17:45,10
02/04/2021 17:54,10
02/04/2021 21:01,10
02/05/2021 13:08,10
02/05/2021 13:36,10
02/05/2021 21:15,10
02/06/2021 01:40,10
02/06/2021 15:33,10
02/06/2021 16:59,10
02/06/2021 17:30,10
02/06/2021 17:46,10
02/06/2021 17:58,10
02/06/2021 18:04,10
02/06/2021 18:05,10
02/07/2021 01:08,10
02/07/2021 01:19,10
02/07/2021 01:23,10
02/07/2021 14:01,10
02/07/2021 14:51,10
02/07/2021 16:27,10
02/07/2021 16:32,10
02/07/2021 23:23,10
02/07/2021 23:31,10
02/07/2021 23:35,10
02/08/2021 15:45,10
02/08/2021 15:46,10
02/08/2021 16:00,10
02/08/2021 16:28,10
02/08/2021 16:30,10
02/08/2021 21:46,10
02/08/2021 21:48,10
02/08/2021 22:06,10
02/08/2021 22:23,10
02/08/2021 22:35,10
02/10/2021 14:22,10
02/10/2021 14:25,10
02/10/2021 20:21,10
02/10/2021 20:27,10
02/10/2021 20:37,10
02/10/2021 21:39,10
02/10/2021 21:45,10
02/11/2021 01:24,10
02/11/2021 13:32,10
02/11/2021 13:33,20
02/11/2021 13:48,10
02/11/2021 14:36,10
02/11/2021 14:52,10
02/11/2021 15:01,20
02/11/2021 15:04,10
02/11/2021 15:06,10
02/11/2021 15:23,20
02/11/2021 15:24,10
02/11/2021 15:28,10
02/11/2021 15:29,20
02/11/2021 15:31,10
02/11/2021 15:32,10
02/11/2021 15:34,10
02/11/2021 15:35,20
02/11/2021 15:36,30
02/11/2021 15:38,10
02/11/2021 16:49,10
02/11/2021 17:02,10
02/11/2021 17:21,10
02/12/2021 14:14,10
02/12/2021 14:54,10
02/12/2021 15:23,10
02/12/2021 15:28,10
02/12/2021 22:22,10
02/12/2021 22:35,10
02/13/21 14:27:00,10
02/13/21 14:57:00,10
02/13/21 15:06:00,10
02/14/21 15:04:00,10
02/14/21 15:20:00,10
02/14/21 22:06:00,10
02/14/21 22:10:00,10
02/15/21 11:58:00,10
02/15/21 11:59:00,20
02/15/21 12:00:00,30
02/15/21 12:42:00,10
02/15/21 12:44:00,10
02/15/21 13:00:00,10
02/15/21 13:08:00,10
02/15/21 13:14:00,10
02/15/21 18:34:00,10
02/15/21 18:42:00,10
02/15/21 23:09:00,10
02/15/21 23:21:00,10
02/16/21 23:10:00,10
02/16/21 23:12:00,10
02/16/21 23:18:00,10
02/17/21 11:32:00,10
02/17/21 11:42:00,10
02/17/21 17:34:00,10
02/17/21 17:42:00,10
02/17/21 17:55:00,10
02/17/21 18:11:00,10
02/17/21 18:25:00,10
02/17/21 18:54:00,10
02/17/21 18:58:00,10
02/18/21 12:06:00,10
02/18/21 12:20:00,10
02/18/21 12:38:00,10
02/18/21 13:08:00,10
02/18/21 20:19:00,10
02/18/21 20:27:00,10
02/19/21 11:59:00,30
02/19/21 12:00:00,20
02/19/21 12:01:00,10
02/19/21 12:27:00,10
02/19/21 12:31:00,10
02/19/21 21:02:00,10
02/19/21 21:12:00,10
02/19/21 22:57:00,10
02/20/21 11:30:00,10
02/20/21 11:42:00,20
02/20/21 11:45:00,10
02/20/21 11:46:00,10
02/20/21 11:47:00,10
02/20/21 11:48:00,10
02/20/21 11:50:00,10
02/20/21 11:51:00,10
02/20/21 12:00:00,30
02/20/21 12:01:00,20
02/20/21 13:03:00,10
02/20/21 13:04:00,10
02/20/21 13:18:00,10
02/20/21 13:38:00,10
02/20/21 15:27:00,10
02/20/21 16:05:00,10
02/20/21 16:32:00,10
02/20/21 17:31:00,10
02/20/21 21:21:00,10
02/21/21 12:53:00,10
02/21/21 13:10:00,10
02/21/21 17:16:00,10
02/21/21 17:28:00,10
02/21/21 17:42:00,10
02/21/21 17:57:00,10
02/21/21 18:22:00,10
02/21/21 20:13:00,10
02/21/21 22:52:00,10
02/22/21 09:37:00,20
02/22/21 09:38:00,20
02/22/21 09:39:00,10
02/22/21 15:49:00,10
02/22/21 16:01:00,10
02/22/21 20:54:00,10
02/22/21 20:57:00,10
02/22/21 23:14:00,10
02/23/21 17:11:00,10
02/23/21 17:55:00,10
02/24/21 09:55:00,10
02/24/21 14:25:00,10
02/24/21 15:28:00,10
02/24/21 16:21:00,10
02/24/21 20:39:00,10
02/24/21 21:17:00,10
02/24/21 23:03:00,10
02/25/21 15:21:00,10
02/25/21 15:35:00,10
02/25/21 15:48:00,10
02/25/21 17:21:00,10
02/25/21 17:32:00,20
02/25/21 17:34:00,10
02/25/21 17:46:00,10
02/25/21 17:47:00,10
02/25/21 18:41:00,10
02/25/21 18:52:00,10
02/25/21 19:22:00,10
02/25/21 19:23:00,10
02/25/21 19:24:00,20
02/25/21 19:25:00,10
02/25/21 19:28:00,20
02/25/21 19:29:00,10
02/25/21 19:30:00,10
02/25/21 19:32:00,10
02/25/21 19:33:00,10
02/25/21 19:34:00,10
02/25/21 19:35:00,20
02/25/21 19:36:00,20
02/25/21 19:37:00,10
02/25/21 19:57:00,10
02/25/21 20:15:00,10
02/25/21 21:52:00,10
02/25/21 22:18:00,10
02/26/21 13:11:00,10
